Total Return,Annualized Return,Annualized Volatility,Max Drawdown,Sharpe Ratio,Information Ratio,Modified IR,Mean Stocks (75% coverage),Mean Stocks (90% coverage),strategy,model,objective
19.4286417800932,7.571880486742666,11.347744085659022,-19.643991672389184,0.20500823476445784,,0.2571983787337274,30.388254486133768,34.64110929853181,ARIMA-GARCH GMIR,arima_garch,gmir
22.71826632816265,8.780225077333824,10.809246074511709,-16.717576947125412,0.3215807362043202,,0.4266213281612986,35.69004893964111,41.83034257748776,ARIMA-GARCH GMV,arima_garch,gmv
16.966329940837667,6.6545391435766765,11.337649746162622,-19.73016866139575,0.12820993367088404,,0.19796213731223122,30.482871125611744,35.12887438825449,XGBoost GMIR,xgboost,gmir
21.0603333715623,8.1736501859363,10.846329096309162,-16.5280068973237,0.26727313066593816,,0.37267377356419024,35.8678629690049,41.98858075040783,XGBoost GMV,xgboost,gmv
