Total Return,Annualized Return,Annualized Volatility,Max Drawdown,Sharpe Ratio,Information Ratio,Modified IR,Mean Stocks (75% coverage),Mean Stocks (90% coverage),strategy,model,objective
19.064772224192183,7.437025774554451,11.398768010708741,-19.624130850051237,0.1928344745580587,-2.1098053836822115,0.2472579289973735,30.512234910277325,34.74877650897227,ARIMA-GARCH GMIR,arima_garch,gmir
19.54291186853576,7.6141805080365055,10.91830743535134,-17.155009479981775,0.2167585355889114,-2.144385501064175,0.30952808113466557,35.41272430668842,41.66068515497553,ARIMA-GARCH GMV,arima_garch,gmv
19.049871757955938,7.431498301680861,11.315559843450824,-18.963266215323205,0.19378788975163103,-2.0905369828651996,0.25737335157147645,29.871125611745512,34.247960848287114,XGBoost GMIR,xgboost,gmir
22.80657263766752,8.812397261657146,10.789610954714867,-16.30301550366401,0.3250029503492288,-1.9587546650036904,0.44148342866387696,35.83849918433931,41.72593800978793,XGBoost GMV,xgboost,gmv
