Total Return,Annualized Return,Annualized Volatility,Max Drawdown,Sharpe Ratio,Information Ratio,Modified IR,Mean Stocks (75% coverage),Mean Stocks (90% coverage),strategy,model,objective
17.966614307422834,7.0285566875719185,11.49077319208914,-19.083422407843564,0.1574694236637667,-0.0670624910134353,0.2252821529388634,30.60522022838499,35.08646003262643,ARIMA-GARCH GMIR,arima_garch,gmir
22.212383707222894,8.595656162021047,10.728542869858867,-17.13787132007466,0.30763200933457563,0.6504407500048199,0.40184674149640975,35.615008156606855,41.77161500815661,ARIMA-GARCH GMV,arima_garch,gmv
18.712722362343605,7.3063203904776275,11.408022259508792,-19.300977016189126,0.18177724024714273,0.037532901735668915,0.24244195182653225,30.59380097879282,35.06199021207178,XGBoost GMIR,xgboost,gmir
21.40496876693765,8.300140104181985,10.914027355498446,-16.17446774526352,0.2766418448278237,0.5639821386267437,0.3902615905566297,35.68026101141925,41.9347471451876,XGBoost GMV,xgboost,gmv
