Total Return,Annualized Return,Annualized Volatility,Max Drawdown,Sharpe Ratio,Information Ratio,Modified IR,Mean Stocks (75% coverage),Mean Stocks (90% coverage),strategy,model,objective
17.891268217127877,7.000449134510878,11.384604271264454,-19.66517593389562,0.1565891685907691,-0.06489523444270665,0.21889509671039165,30.29363784665579,34.93311582381729,ARIMA-GARCH GMIR,arima_garch,gmir
21.222464945001306,8.233182958117524,10.902642219036524,-16.247794009610693,0.2710876987002526,0.5564486198532049,0.3826567405731232,35.84339314845025,41.89559543230016,ARIMA-GARCH GMV,arima_garch,gmv
15.891338709439973,6.250481887179138,11.391409316016535,-19.713390122365837,0.09385743223671059,-0.3468809420549939,0.1739755540507356,30.25285481239804,34.67047308319739,XGBoost GMIR,xgboost,gmir
21.361896945747993,8.284343227297075,10.716837934879795,-16.44031441838556,0.2803300530981481,0.517576476498936,0.38952863168348983,35.87765089722675,41.9673735725938,XGBoost GMV,xgboost,gmv
