Total Return,Annualized Return,Annualized Volatility,Max Drawdown,Sharpe Ratio,Information Ratio,Modified IR,Mean Stocks (75% coverage),Mean Stocks (90% coverage),strategy,model,objective
16.99942048532861,6.666942130498965,11.402953103227514,-19.500770075686525,0.12851043501177814,-0.18781401086883115,0.1998868715672604,30.453507340946167,35.00652528548124,ARIMA-GARCH GMIR,arima_garch,gmir
21.444766754549605,8.314733347392922,10.81853668161208,-16.043387841172894,0.28036725123347445,0.5609794284763959,0.39831993974386265,35.62969004893964,41.80587275693311,ARIMA-GARCH GMV,arima_garch,gmv
18.17226699366874,7.1052208192547095,11.427218530291757,-19.85371476782761,0.1647283598054619,-0.025854580528462887,0.22252194553384697,30.38662316476346,34.86296900489396,XGBoost GMIR,xgboost,gmir
21.088181505092507,8.183879025430274,10.86160287391672,-16.86563064325306,0.26779325397459897,0.5166655693712804,0.36561322526371315,35.74877650897227,41.64110929853181,XGBoost GMV,xgboost,gmv
