,Total Return,Annualized Return,Annualized Volatility,Max Drawdown,Sharpe Ratio,Information Ratio,Modified IR,Mean Stocks (75% coverage),Mean Stocks (90% coverage),strategy,model,objective
0,21.444766754549605,8.314733347392922,10.81853668161208,-16.043387841172894,0.28036725123347445,0.5609794284763959,0.39831993974386265,35.62969004893964,41.80587275693311,ARIMA-GARCH GMV,arima_garch,gmv
