,Total Return,Annualized Return,Annualized Volatility,Max Drawdown,Sharpe Ratio,Information Ratio,Modified IR,Mean Stocks (75% coverage),Mean Stocks (90% coverage),strategy,model,objective
0,21.361896945747993,8.284343227297075,10.716837934879795,-16.44031441838556,0.2803300530981481,0.517576476498936,0.38952863168348983,35.87765089722675,41.9673735725938,XGBoost GMV,xgboost,gmv
