Total Return,Annualized Return,Annualized Volatility,Max Drawdown,Sharpe Ratio,Information Ratio,Modified IR,Mean Stocks (75% coverage),Mean Stocks (90% coverage),strategy,model,objective
22.80657263766752,8.812397261657146,10.789610954714867,-16.30301550366401,0.3250029503492288,-1.9587546650036904,0.44148342866387696,35.83849918433931,41.72593800978793,XGBoost GMV,xgboost,gmv
