Total Return,Annualized Return,Annualized Volatility,Max Drawdown,Sharpe Ratio,Information Ratio,Modified IR,Mean Stocks (75% coverage),Mean Stocks (90% coverage),Transaction Cost (%)
39.78571164955744,24.654853670795163,14.266129941370401,-17.196416838528293,1.3164821783958645,2.770958430231592,2.4777684538854254,31.01076923076923,35.44307692307692,0.05
39.025389065116855,24.2083234586717,14.267685718016414,-17.420549159093145,1.2865108076132588,2.6760933886616125,2.357838480939184,31.01076923076923,35.44307692307692,0.1
37.51616622352294,23.31948838617308,14.273920886085145,-17.86730358303884,1.2266014341716434,2.4822428928785794,2.1322382715638333,31.01076923076923,35.44307692307692,0.2
33.07862462710749,20.686509637218254,14.317545893526585,-19.195549897621756,1.0475965018308124,1.8825998299496463,1.557059820137792,31.01076923076923,35.44307692307692,0.5
